"ID";"Sex";"Regions";"Periods";"PopulationOn1January_1"
"3479";"T001038";"GM1680";"2019JJ00";"   25386"
"3539";"T001038";"GM1000";"2019JJ00";""
"3599";"T001038";"GM0738";"2019JJ00";""
"3659";"T001038";"GM0358";"2019JJ00";"   31728"
"3719";"T001038";"GM0197";"2019JJ00";"   27011"
"3779";"T001038";"GM0480";"2019JJ00";""
"3839";"T001038";"GM0648";"2019JJ00";""
"3899";"T001038";"GM0739";"2019JJ00";""
"3959";"T001038";"GM0359";"2019JJ00";""
"4019";"T001038";"GM0481";"2019JJ00";""
"4079";"T001038";"GM0305";"2019JJ00";""
"4139";"T001038";"GM0059";"2019JJ00";"   27852"
"4199";"T001038";"GM0001";"2019JJ00";""
"4259";"T001038";"GM0002";"2019JJ00";""
"4319";"T001038";"GM0360";"2019JJ00";""
"4379";"T001038";"GM0482";"2019JJ00";"   20069"
"4439";"T001038";"GM0613";"2019JJ00";"   25271"
"4499";"T001038";"GM0483";"2019JJ00";""
"4559";"T001038";"GM0361";"2019JJ00";"  108558"
"4619";"T001038";"GM0141";"2019JJ00";"   72849"
"4679";"T001038";"GM0034";"2019JJ00";"  207904"
"4739";"T001038";"GM0740";"2019JJ00";""
"4799";"T001038";"GM0484";"2019JJ00";"  110986"
"4859";"T001038";"GM0741";"2019JJ00";""
"4919";"T001038";"GM1723";"2019JJ00";"   10149"
"4979";"T001038";"GM1959";"2019JJ00";"   55386"
"5039";"T001038";"GM0142";"2019JJ00";""
"5099";"T001038";"GM1679";"2019JJ00";""
"5159";"T001038";"GM0883";"2019JJ00";""
"5219";"T001038";"GM0485";"2019JJ00";""
"5279";"T001038";"GM0060";"2019JJ00";"    3673"
"5339";"T001038";"GM0306";"2019JJ00";""
"5399";"T001038";"GM0307";"2019JJ00";"  156286"
"5459";"T001038";"GM0486";"2019JJ00";""
"5519";"T001038";"GM0198";"2019JJ00";""
"5579";"T001038";"GM0362";"2019JJ00";"   90838"
"5639";"T001038";"GM0884";"2019JJ00";""
"5699";"T001038";"GM0363";"2019JJ00";"  862965"
"5759";"T001038";"GM0742";"2019JJ00";""
"5819";"T001038";"GM0364";"2019JJ00";""
"5879";"T001038";"GM0199";"2019JJ00";""
"5939";"T001038";"GM1014";"2019JJ00";""
"5999";"T001038";"GM0105";"2019JJ00";""
"6059";"T001038";"GM0366";"2019JJ00";""
"6119";"T001038";"GM0200";"2019JJ00";"  162445"
"6179";"T001038";"GM0201";"2019JJ00";""
"6239";"T001038";"GM0003";"2019JJ00";"   11721"
"6299";"T001038";"GM0885";"2019JJ00";""
"6359";"T001038";"GM0487";"2019JJ00";""
"6419";"T001038";"GM0649";"2019JJ00";""
"6479";"T001038";"GM0202";"2019JJ00";"  159265"
"6539";"T001038";"GM0488";"2019JJ00";""
"6599";"T001038";"GM0106";"2019JJ00";"   67963"
"6659";"T001038";"GM0367";"2019JJ00";""
"6719";"T001038";"GM0743";"2019JJ00";"   16710"
"6779";"T001038";"GM0368";"2019JJ00";""
"6839";"T001038";"GM0143";"2019JJ00";""
"6899";"T001038";"GM0650";"2019JJ00";""
"6959";"T001038";"GM0061";"2019JJ00";""
"7019";"T001038";"GM0651";"2019JJ00";""
"7079";"T001038";"GM0744";"2019JJ00";"    6847"
"7139";"T001038";"GM0308";"2019JJ00";"   24767"
"7199";"T001038";"GM0886";"2019JJ00";""
"7259";"T001038";"GM0004";"2019JJ00";""
"7319";"T001038";"GM0745";"2019JJ00";""
"7379";"T001038";"GM1246";"2019JJ00";""
"7439";"T001038";"GM0489";"2019JJ00";"   48673"
"7499";"T001038";"GM0203";"2019JJ00";"   57971"
"7559";"T001038";"GM0062";"2019JJ00";""
"7619";"T001038";"GM0369";"2019JJ00";""
"7679";"T001038";"GM1017";"2019JJ00";""
"7739";"T001038";"GM0204";"2019JJ00";""
"7799";"T001038";"GM0144";"2019JJ00";""
"7859";"T001038";"GM0005";"2019JJ00";""
"7919";"T001038";"GM0887";"2019JJ00";""
"7979";"T001038";"GM0888";"2019JJ00";"   15929"
"8039";"T001038";"GM0746";"2019JJ00";""
"8099";"T001038";"GM1954";"2019JJ00";"   35727"
"8159";"T001038";"GM0370";"2019JJ00";"    9748"
"8219";"T001038";"GM0747";"2019JJ00";""
"8279";"T001038";"GM0006";"2019JJ00";""
"8339";"T001038";"GM0205";"2019JJ00";""
"8399";"T001038";"GM0889";"2019JJ00";"   13519"
"8459";"T001038";"GM0371";"2019JJ00";""
"8519";"T001038";"GM0107";"2019JJ00";""
"8579";"T001038";"GM0890";"2019JJ00";""
"8639";"T001038";"GM0007";"2019JJ00";""
"8699";"T001038";"GM1019";"2019JJ00";""
"8759";"T001038";"GM0891";"2019JJ00";""
"8819";"T001038";"GM0206";"2019JJ00";""
"8879";"T001038";"GM0372";"2019JJ00";""
"8939";"T001038";"GM0309";"2019JJ00";""
"8999";"T001038";"GM0490";"2019JJ00";""
"9059";"T001038";"GM1945";"2019JJ00";"   34798"
"9119";"T001038";"GM0892";"2019JJ00";""
"9179";"T001038";"GM0491";"2019JJ00";""
"9239";"T001038";"GM1724";"2019JJ00";"   18491"
"9299";"T001038";"GM0893";"2019JJ00";"   13140"
"9359";"T001038";"GM0373";"2019JJ00";"   29974"
"9419";"T001038";"GM0748";"2019JJ00";"   66811"
"9479";"T001038";"GM0749";"2019JJ00";""
"9539";"T001038";"GM0207";"2019JJ00";""
"9599";"T001038";"GM0208";"2019JJ00";""
"9659";"T001038";"GM0750";"2019JJ00";""
"9719";"T001038";"GM0492";"2019JJ00";""
"9779";"T001038";"GM0493";"2019JJ00";""
"9839";"T001038";"GM0751";"2019JJ00";""
"9899";"T001038";"GM1859";"2019JJ00";"   43904"
"9959";"T001038";"GM0494";"2019JJ00";""
"10019";"T001038";"GM0374";"2019JJ00";""
"10079";"T001038";"GM0752";"2019JJ00";""
"10139";"T001038";"GM1721";"2019JJ00";"   30806"
"10199";"T001038";"GM0568";"2019JJ00";""
"10259";"T001038";"GM0753";"2019JJ00";"   29821"
"10319";"T001038";"GM0209";"2019JJ00";"   25882"
"10379";"T001038";"GM0210";"2019JJ00";""
"10439";"T001038";"GM0375";"2019JJ00";"   41176"
"10499";"T001038";"GM0008";"2019JJ00";""
"10559";"T001038";"GM0652";"2019JJ00";""
"10619";"T001038";"GM1022";"2019JJ00";""
"10679";"T001038";"GM0063";"2019JJ00";""
"10739";"T001038";"GM0310";"2019JJ00";"   42824"
"10799";"T001038";"GM0894";"2019JJ00";""
"10859";"T001038";"GM0585";"2019JJ00";""
"10919";"T001038";"GM1728";"2019JJ00";"   20175"
"10979";"T001038";"GM0754";"2019JJ00";""
"11039";"T001038";"GM0145";"2019JJ00";""
"11099";"T001038";"GM0376";"2019JJ00";"   11202"
"11159";"T001038";"GM0495";"2019JJ00";""
"11219";"T001038";"GM0496";"2019JJ00";""
"11279";"T001038";"GM0377";"2019JJ00";"   23410"
"11339";"T001038";"GM0378";"2019JJ00";""
"11399";"T001038";"GM0146";"2019JJ00";""
"11459";"T001038";"GM0055";"2019JJ00";""
"11519";"T001038";"GM0895";"2019JJ00";""
"11579";"T001038";"GM0497";"2019JJ00";""
"11639";"T001038";"GM1901";"2019JJ00";"   34462"
"11699";"T001038";"GM0755";"2019JJ00";"   10588"
"11759";"T001038";"GM0009";"2019JJ00";""
"11819";"T001038";"GM0064";"2019JJ00";""
"11879";"T001038";"GM1024";"2019JJ00";""
"11939";"T001038";"GM0057";"2019JJ00";""
"11999";"T001038";"GM0211";"2019JJ00";""
"12059";"T001038";"GM0108";"2019JJ00";""
"12119";"T001038";"GM1681";"2019JJ00";"   25372"
"12179";"T001038";"GM0896";"2019JJ00";""
"12239";"T001038";"GM0897";"2019JJ00";""
"12299";"T001038";"GM0147";"2019JJ00";"   23210"
"12359";"T001038";"GM0654";"2019JJ00";"   22800"
"12419";"T001038";"GM1254";"2019JJ00";""
"12479";"T001038";"GM0499";"2019JJ00";""
"12539";"T001038";"GM0379";"2019JJ00";""
"12599";"T001038";"GM0756";"2019JJ00";"   29065"
"12659";"T001038";"GM0757";"2019JJ00";"   30747"
"12719";"T001038";"GM0212";"2019JJ00";""
"12779";"T001038";"GM0500";"2019JJ00";""
"12839";"T001038";"GM0758";"2019JJ00";"  183873"
"12899";"T001038";"GM0194";"2019JJ00";""
"12959";"T001038";"GM0655";"2019JJ00";""
"13019";"T001038";"GM0311";"2019JJ00";""
"13079";"T001038";"GM0501";"2019JJ00";"   17182"
"13139";"T001038";"GM0380";"2019JJ00";""
"13199";"T001038";"GM0898";"2019JJ00";""
"13259";"T001038";"GM1876";"2019JJ00";"   36212"
"13319";"T001038";"GM0656";"2019JJ00";""
"13379";"T001038";"GM0657";"2019JJ00";""
"13439";"T001038";"GM0213";"2019JJ00";"   20698"
"13499";"T001038";"GM0899";"2019JJ00";"   28103"
"13559";"T001038";"GM0759";"2019JJ00";""
"13619";"T001038";"GM0900";"2019JJ00";""
"13679";"T001038";"GM0312";"2019JJ00";"   15192"
"13739";"T001038";"GM0313";"2019JJ00";"   21576"
"13799";"T001038";"GM0214";"2019JJ00";"   26568"
"13859";"T001038";"GM1035";"2019JJ00";""
"13919";"T001038";"GM0381";"2019JJ00";""
"13979";"T001038";"GM0215";"2019JJ00";""
"14039";"T001038";"GM0901";"2019JJ00";""
"14099";"T001038";"GM0658";"2019JJ00";""
"14159";"T001038";"GM0382";"2019JJ00";""
"14219";"T001038";"GM0502";"2019JJ00";"   66818"
"14279";"T001038";"GM0383";"2019JJ00";"   35772"
"14339";"T001038";"GM0760";"2019JJ00";""
"14399";"T001038";"GM0659";"2019JJ00";""
"14459";"T001038";"GM0109";"2019JJ00";"   35483"
"14519";"T001038";"GM0314";"2019JJ00";""
"14579";"T001038";"GM1706";"2019JJ00";"   20440"
"14639";"T001038";"GM0611";"2019JJ00";""
"14699";"T001038";"GM1684";"2019JJ00";"   24931"
"14759";"T001038";"GM0761";"2019JJ00";""
"14819";"T001038";"GM0216";"2019JJ00";"   28555"
"14879";"T001038";"GM0110";"2019JJ00";""
"14939";"T001038";"GM0148";"2019JJ00";"   28499"
"14999";"T001038";"GM0065";"2019JJ00";""
"15059";"T001038";"GM1891";"2019JJ00";"   18923"
"15119";"T001038";"GM0217";"2019JJ00";""
"15179";"T001038";"GM0503";"2019JJ00";"  103163"
"15239";"T001038";"GM0010";"2019JJ00";"   24716"
"15299";"T001038";"GM0149";"2019JJ00";""
"15359";"T001038";"GM0762";"2019JJ00";"   32362"
"15419";"T001038";"GM0150";"2019JJ00";"   99957"
"15479";"T001038";"GM0218";"2019JJ00";""
"15539";"T001038";"GM0384";"2019JJ00";"   29196"
"15599";"T001038";"GM0151";"2019JJ00";""
"15659";"T001038";"GM0152";"2019JJ00";""
"15719";"T001038";"GM0763";"2019JJ00";""
"15779";"T001038";"GM0111";"2019JJ00";""
"15839";"T001038";"GM1774";"2019JJ00";"   26350"
"15899";"T001038";"GM0764";"2019JJ00";""
"15959";"T001038";"GM1044";"2019JJ00";""
"16019";"T001038";"GM0219";"2019JJ00";""
"16079";"T001038";"GM0504";"2019JJ00";""
"16139";"T001038";"GM0220";"2019JJ00";""
"16199";"T001038";"GM0221";"2019JJ00";"   11148"
"16259";"T001038";"GM0222";"2019JJ00";"   57555"
"16319";"T001038";"GM0066";"2019JJ00";""
"16379";"T001038";"GM0660";"2019JJ00";""
"16439";"T001038";"GM0766";"2019JJ00";"   26051"
"16499";"T001038";"GM0058";"2019JJ00";""
"16559";"T001038";"GM0067";"2019JJ00";""
"16619";"T001038";"GM0315";"2019JJ00";""
"16679";"T001038";"GM0223";"2019JJ00";""
"16739";"T001038";"GM0505";"2019JJ00";"  118654"
"16799";"T001038";"GM0498";"2019JJ00";"   19597"
"16859";"T001038";"GM1047";"2019JJ00";""
"16919";"T001038";"GM0224";"2019JJ00";""
"16979";"T001038";"GM0316";"2019JJ00";""
"17039";"T001038";"GM0506";"2019JJ00";""
"17099";"T001038";"GM0661";"2019JJ00";""
"17159";"T001038";"GM1719";"2019JJ00";"   27150"
"17219";"T001038";"GM0303";"2019JJ00";"   40815"
"17279";"T001038";"GM0767";"2019JJ00";""
"17339";"T001038";"GM0225";"2019JJ00";"   18797"
"17399";"T001038";"GM0507";"2019JJ00";""
"17459";"T001038";"GM0662";"2019JJ00";""
"17519";"T001038";"GM0226";"2019JJ00";"   25332"
"17579";"T001038";"GM1050";"2019JJ00";""
"17639";"T001038";"GM0768";"2019JJ00";""
"17699";"T001038";"GM0769";"2019JJ00";""
"17759";"T001038";"GM0112";"2019JJ00";""
"17819";"T001038";"GM0902";"2019JJ00";""
"17879";"T001038";"GM0227";"2019JJ00";""
"17939";"T001038";"GM1711";"2019JJ00";"   31638"
"17999";"T001038";"GM1315";"2019JJ00";""
"18059";"T001038";"GM0385";"2019JJ00";"   36099"
"18119";"T001038";"GM0228";"2019JJ00";"  115710"
"18179";"T001038";"GM0113";"2019JJ00";""
"18239";"T001038";"GM0317";"2019JJ00";"    9113"
"18299";"T001038";"GM1651";"2019JJ00";""
"18359";"T001038";"GM0011";"2019JJ00";""
"18419";"T001038";"GM0770";"2019JJ00";"   19110"
"18479";"T001038";"GM0771";"2019JJ00";""
"18539";"T001038";"GM0357";"2019JJ00";""
"18599";"T001038";"GM0386";"2019JJ00";""
"18659";"T001038";"GM0387";"2019JJ00";""
"18719";"T001038";"GM0229";"2019JJ00";""
"18779";"T001038";"GM0904";"2019JJ00";""
"18839";"T001038";"GM0905";"2019JJ00";""
"18899";"T001038";"GM1903";"2019JJ00";"   25658"
"18959";"T001038";"GM0772";"2019JJ00";"  231642"
"19019";"T001038";"GM0230";"2019JJ00";"   23086"
"19079";"T001038";"GM1053";"2019JJ00";""
"19139";"T001038";"GM1054";"2019JJ00";""
"19199";"T001038";"GM0663";"2019JJ00";""
"19259";"T001038";"GM0903";"2019JJ00";""
"19319";"T001038";"GM0231";"2019JJ00";""
"19379";"T001038";"GM1055";"2019JJ00";""
"19439";"T001038";"GM0114";"2019JJ00";"  107113"
"19499";"T001038";"GM0773";"2019JJ00";""
"19559";"T001038";"GM0774";"2019JJ00";""
"19619";"T001038";"GM0388";"2019JJ00";"   18507"
"19679";"T001038";"GM0153";"2019JJ00";"  158986"
"19739";"T001038";"GM0232";"2019JJ00";"   33145"
"19799";"T001038";"GM0233";"2019JJ00";"   26858"
"19859";"T001038";"GM0775";"2019JJ00";""
"19919";"T001038";"GM0776";"2019JJ00";""
"19979";"T001038";"GM0234";"2019JJ00";""
"20039";"T001038";"GM1251";"2019JJ00";""
"20099";"T001038";"GM0777";"2019JJ00";"   43774"
"20159";"T001038";"GM0508";"2019JJ00";""
"20219";"T001038";"GM0235";"2019JJ00";""
"20279";"T001038";"GM0012";"2019JJ00";""
"20339";"T001038";"GM0068";"2019JJ00";""
"20399";"T001038";"GM1722";"2019JJ00";""
"20459";"T001038";"GM0778";"2019JJ00";""
"20519";"T001038";"GM0013";"2019JJ00";""
"20579";"T001038";"GM0069";"2019JJ00";""
"20639";"T001038";"GM0070";"2019JJ00";""
"20699";"T001038";"GM1921";"2019JJ00";""
"20759";"T001038";"GM1940";"2019JJ00";"   51430"
"20819";"T001038";"GM0071";"2019JJ00";""
"20879";"T001038";"GM0653";"2019JJ00";""
"20939";"T001038";"GM0115";"2019JJ00";""
"20999";"T001038";"GM0779";"2019JJ00";"   21515"
"21059";"T001038";"GM0509";"2019JJ00";""
"21119";"T001038";"GM0780";"2019JJ00";""
"21179";"T001038";"GM0236";"2019JJ00";""
"21239";"T001038";"GM0781";"2019JJ00";""
"21299";"T001038";"GM1771";"2019JJ00";"   39595"
"21359";"T001038";"GM0906";"2019JJ00";""
"21419";"T001038";"GM0782";"2019JJ00";""
"21479";"T001038";"GM1652";"2019JJ00";"   30447"
"21539";"T001038";"GM0237";"2019JJ00";""
"21599";"T001038";"GM0238";"2019JJ00";""
"21659";"T001038";"GM0154";"2019JJ00";""
"21719";"T001038";"GM0907";"2019JJ00";"   17071"
"21779";"T001038";"GM0908";"2019JJ00";""
"21839";"T001038";"GM0783";"2019JJ00";""
"21899";"T001038";"GM0510";"2019JJ00";""
"21959";"T001038";"GM0689";"2019JJ00";""
"22019";"T001038";"GM0116";"2019JJ00";""
"22079";"T001038";"GM0155";"2019JJ00";""
"22139";"T001038";"GM0784";"2019JJ00";"   26431"
"22199";"T001038";"GM0511";"2019JJ00";""
"22259";"T001038";"GM1924";"2019JJ00";"   49611"
"22319";"T001038";"GM0664";"2019JJ00";"   37653"
"22379";"T001038";"GM0785";"2019JJ00";"   23793"
"22439";"T001038";"GM1942";"2019JJ00";"   57715"
"22499";"T001038";"GM0156";"2019JJ00";""
"22559";"T001038";"GM0512";"2019JJ00";"   36682"
"22619";"T001038";"GM0239";"2019JJ00";""
"22679";"T001038";"GM0513";"2019JJ00";"   73181"
"22739";"T001038";"GM0514";"2019JJ00";""
"22799";"T001038";"GM0515";"2019JJ00";""
"22859";"T001038";"GM0516";"2019JJ00";""
"22919";"T001038";"GM0693";"2019JJ00";""
"22979";"T001038";"GM0665";"2019JJ00";""
"23039";"T001038";"GM0389";"2019JJ00";""
"23099";"T001038";"GM0365";"2019JJ00";""
"23159";"T001038";"GM0157";"2019JJ00";""
"23219";"T001038";"GM0909";"2019JJ00";""
"23279";"T001038";"GM0786";"2019JJ00";"   12483"
"23339";"T001038";"GM0390";"2019JJ00";""
"23399";"T001038";"GM0517";"2019JJ00";""
"23459";"T001038";"GM0518";"2019JJ00";"  537833"
"23519";"T001038";"GM0787";"2019JJ00";""
"23579";"T001038";"GM0666";"2019JJ00";""
"23639";"T001038";"GM0519";"2019JJ00";""
"23699";"T001038";"GM0910";"2019JJ00";""
"23759";"T001038";"GM0016";"2019JJ00";""
"23819";"T001038";"GM1067";"2019JJ00";""
"23879";"T001038";"GM0667";"2019JJ00";""
"23939";"T001038";"GM0240";"2019JJ00";""
"23999";"T001038";"GM0241";"2019JJ00";""
"24059";"T001038";"GM0014";"2019JJ00";"  231299"
"24119";"T001038";"GM0911";"2019JJ00";""
"24179";"T001038";"GM0520";"2019JJ00";""
"24239";"T001038";"GM0391";"2019JJ00";""
"24299";"T001038";"GM0015";"2019JJ00";""
"24359";"T001038";"GM0912";"2019JJ00";""
"24419";"T001038";"GM0913";"2019JJ00";""
"24479";"T001038";"GM1729";"2019JJ00";"   14246"
"24539";"T001038";"GM0242";"2019JJ00";""
"24599";"T001038";"GM0158";"2019JJ00";"   24277"
"24659";"T001038";"GM1068";"2019JJ00";""
"24719";"T001038";"GM0788";"2019JJ00";"   14195"
"24779";"T001038";"GM0392";"2019JJ00";"  161265"
"24839";"T001038";"GM0393";"2019JJ00";""
"24899";"T001038";"GM0394";"2019JJ00";"  154235"
"24959";"T001038";"GM0521";"2019JJ00";""
"25019";"T001038";"GM0914";"2019JJ00";""
"25079";"T001038";"GM0522";"2019JJ00";""
"25139";"T001038";"GM1655";"2019JJ00";"   30194"
"25199";"T001038";"GM0789";"2019JJ00";""
"25259";"T001038";"GM0159";"2019JJ00";""
"25319";"T001038";"GM0790";"2019JJ00";""
"25379";"T001038";"GM0160";"2019JJ00";"   60574"
"25439";"T001038";"GM0243";"2019JJ00";"   47581"
"25499";"T001038";"GM0523";"2019JJ00";"   18051"
"25559";"T001038";"GM0017";"2019JJ00";""
"25619";"T001038";"GM0395";"2019JJ00";""
"25679";"T001038";"GM0072";"2019JJ00";"   15758"
"25739";"T001038";"GM0318";"2019JJ00";""
"25799";"T001038";"GM0073";"2019JJ00";""
"25859";"T001038";"GM0161";"2019JJ00";""
"25919";"T001038";"GM0244";"2019JJ00";"   12173"
"25979";"T001038";"GM0117";"2019JJ00";""
"26039";"T001038";"GM0524";"2019JJ00";""
"26099";"T001038";"GM0245";"2019JJ00";""
"26159";"T001038";"GM1937";"2019JJ00";""
"26219";"T001038";"GM0915";"2019JJ00";""
"26279";"T001038";"GM0396";"2019JJ00";"   39164"
"26339";"T001038";"GM0397";"2019JJ00";"   27286"
"26399";"T001038";"GM0525";"2019JJ00";""
"26459";"T001038";"GM0916";"2019JJ00";""
"26519";"T001038";"GM0669";"2019JJ00";""
"26579";"T001038";"GM0670";"2019JJ00";""
"26639";"T001038";"GM0246";"2019JJ00";"   18546"
"26699";"T001038";"GM0671";"2019JJ00";""
"26759";"T001038";"GM0074";"2019JJ00";"   50257"
"26819";"T001038";"GM0247";"2019JJ00";""
"26879";"T001038";"GM0398";"2019JJ00";"   56742"
"26939";"T001038";"GM0526";"2019JJ00";""
"26999";"T001038";"GM0917";"2019JJ00";"   86832"
"27059";"T001038";"GM0791";"2019JJ00";""
"27119";"T001038";"GM1072";"2019JJ00";""
"27179";"T001038";"GM0792";"2019JJ00";""
"27239";"T001038";"GM0793";"2019JJ00";""
"27299";"T001038";"GM1658";"2019JJ00";"   15964"
"27359";"T001038";"GM0019";"2019JJ00";""
"27419";"T001038";"GM0527";"2019JJ00";""
"27479";"T001038";"GM0399";"2019JJ00";"   23464"
"27539";"T001038";"GM0528";"2019JJ00";""
"27599";"T001038";"GM0672";"2019JJ00";""
"27659";"T001038";"GM0162";"2019JJ00";""
"27719";"T001038";"GM1074";"2019JJ00";""
"27779";"T001038";"GM1075";"2019JJ00";""
"27839";"T001038";"GM0918";"2019JJ00";""
"27899";"T001038";"GM0400";"2019JJ00";"   55604"
"27959";"T001038";"GM0163";"2019JJ00";"   35808"
"28019";"T001038";"GM0530";"2019JJ00";"   40049"
"28079";"T001038";"GM0794";"2019JJ00";"   91524"
"28139";"T001038";"GM0795";"2019JJ00";""
"28199";"T001038";"GM0075";"2019JJ00";""
"28259";"T001038";"GM0531";"2019JJ00";"   30966"
"28319";"T001038";"GM0248";"2019JJ00";""
"28379";"T001038";"GM0164";"2019JJ00";"   80683"
"28439";"T001038";"GM0076";"2019JJ00";""
"28499";"T001038";"GM0401";"2019JJ00";""
"28559";"T001038";"GM1078";"2019JJ00";""
"28619";"T001038";"GM0919";"2019JJ00";""
"28679";"T001038";"GM0796";"2019JJ00";"  154205"
"28739";"T001038";"GM0249";"2019JJ00";""
"28799";"T001038";"GM0250";"2019JJ00";""
"28859";"T001038";"GM0251";"2019JJ00";""
"28919";"T001038";"GM0533";"2019JJ00";""
"28979";"T001038";"GM0252";"2019JJ00";"   16486"
"29039";"T001038";"GM0797";"2019JJ00";"   44135"
"29099";"T001038";"GM0920";"2019JJ00";""
"29159";"T001038";"GM0534";"2019JJ00";"   21966"
"29219";"T001038";"GM0798";"2019JJ00";"   15334"
"29279";"T001038";"GM0402";"2019JJ00";"   90238"
"29339";"T001038";"GM0077";"2019JJ00";""
"29399";"T001038";"GM0673";"2019JJ00";""
"29459";"T001038";"GM0674";"2019JJ00";""
"29519";"T001038";"GM1963";"2019JJ00";"   86656"
"29579";"T001038";"GM0319";"2019JJ00";""
"29639";"T001038";"GM0921";"2019JJ00";""
"29699";"T001038";"GM0253";"2019JJ00";""
"29759";"T001038";"GM0799";"2019JJ00";""
"29819";"T001038";"GM1735";"2019JJ00";"   34940"
"29879";"T001038";"GM1966";"2019JJ00";"   47888"
"29939";"T001038";"GM1911";"2019JJ00";"   47815"
"29999";"T001038";"GM0165";"2019JJ00";""
"30059";"T001038";"GM0675";"2019JJ00";""
"30119";"T001038";"GM0676";"2019JJ00";""
"30179";"T001038";"GM0535";"2019JJ00";""
"30239";"T001038";"GM0801";"2019JJ00";""
"30299";"T001038";"GM0802";"2019JJ00";""
"30359";"T001038";"GM0800";"2019JJ00";""
"30419";"T001038";"GM0118";"2019JJ00";"   55662"
"30479";"T001038";"GM0018";"2019JJ00";""
"30539";"T001038";"GM0403";"2019JJ00";""
"30599";"T001038";"GM1084";"2019JJ00";""
"30659";"T001038";"GM0320";"2019JJ00";""
"30719";"T001038";"GM0404";"2019JJ00";""
"30779";"T001038";"GM0405";"2019JJ00";"   73004"
"30839";"T001038";"GM0536";"2019JJ00";""
"30899";"T001038";"GM0922";"2019JJ00";""
"30959";"T001038";"GM0254";"2019JJ00";""
"31019";"T001038";"GM0923";"2019JJ00";""
"31079";"T001038";"GM1507";"2019JJ00";"   42291"
"31139";"T001038";"GM0321";"2019JJ00";"   49911"
"31199";"T001038";"GM0803";"2019JJ00";""
"31259";"T001038";"GM0255";"2019JJ00";""
"31319";"T001038";"GM0406";"2019JJ00";"   41273"
"31379";"T001038";"GM0924";"2019JJ00";""
"31439";"T001038";"GM0677";"2019JJ00";"   27524"
"31499";"T001038";"GM0256";"2019JJ00";""
"31559";"T001038";"GM0925";"2019JJ00";""
"31619";"T001038";"GM0078";"2019JJ00";""
"31679";"T001038";"GM0102";"2019JJ00";""
"31739";"T001038";"GM0195";"2019JJ00";""
"31799";"T001038";"GM0191";"2019JJ00";""
"31859";"T001038";"GM0353";"2019JJ00";"   34160"
"31919";"T001038";"GM0730";"2019JJ00";""
"31979";"T001038";"GM0407";"2019JJ00";""
"32039";"T001038";"GM0926";"2019JJ00";""
"32099";"T001038";"GM0927";"2019JJ00";""
"32159";"T001038";"GM0645";"2019JJ00";""
"32219";"T001038";"GM0408";"2019JJ00";""
"32279";"T001038";"GM0322";"2019JJ00";""
"32339";"T001038";"GM1884";"2019JJ00";"   26866"
"32399";"T001038";"GM0323";"2019JJ00";""
"32459";"T001038";"GM0166";"2019JJ00";"   53779"
"32519";"T001038";"GM0020";"2019JJ00";""
"32579";"T001038";"GM0678";"2019JJ00";"   12785"
"32639";"T001038";"GM0679";"2019JJ00";""
"32699";"T001038";"GM0537";"2019JJ00";"   65302"
"32759";"T001038";"GM0409";"2019JJ00";""
"32819";"T001038";"GM0538";"2019JJ00";""
"32879";"T001038";"GM0928";"2019JJ00";"   45642"
"32939";"T001038";"GM1095";"2019JJ00";""
"32999";"T001038";"GM0257";"2019JJ00";""
"33059";"T001038";"GM0929";"2019JJ00";""
"33119";"T001038";"GM0258";"2019JJ00";""
"33179";"T001038";"GM0539";"2019JJ00";""
"33239";"T001038";"GM0930";"2019JJ00";""
"33299";"T001038";"GM0680";"2019JJ00";""
"33359";"T001038";"GM0021";"2019JJ00";""
"33419";"T001038";"GM0804";"2019JJ00";""
"33479";"T001038";"GM0324";"2019JJ00";""
"33539";"T001038";"GM0410";"2019JJ00";""
"33599";"T001038";"GM0681";"2019JJ00";""
"33659";"T001038";"GM1598";"2019JJ00";"   22738"
"33719";"T001038";"GM0079";"2019JJ00";""
"33779";"T001038";"GM0411";"2019JJ00";""
"33839";"T001038";"GM0588";"2019JJ00";""
"33899";"T001038";"GM1097";"2019JJ00";""
"33959";"T001038";"GM0682";"2019JJ00";""
"34019";"T001038";"GM0540";"2019JJ00";""
"34079";"T001038";"GM1098";"2019JJ00";""
"34139";"T001038";"GM0684";"2019JJ00";""
"34199";"T001038";"GM0541";"2019JJ00";""
"34259";"T001038";"GM0542";"2019JJ00";"   29376"
"34319";"T001038";"GM1931";"2019JJ00";"   56048"
"34379";"T001038";"GM0413";"2019JJ00";""
"34439";"T001038";"GM0685";"2019JJ00";""
"34499";"T001038";"GM0167";"2019JJ00";""
"34559";"T001038";"GM0414";"2019JJ00";""
"34619";"T001038";"GM1659";"2019JJ00";"   22333"
"34679";"T001038";"GM1685";"2019JJ00";"   15529"
"34739";"T001038";"GM0882";"2019JJ00";"   37591"
"34799";"T001038";"GM0415";"2019JJ00";"   11488"
"34859";"T001038";"GM0325";"2019JJ00";""
"34919";"T001038";"GM1101";"2019JJ00";""
"34979";"T001038";"GM0416";"2019JJ00";"   27992"
"35039";"T001038";"GM0543";"2019JJ00";""
"35099";"T001038";"GM1621";"2019JJ00";"   61601"
"35159";"T001038";"GM0259";"2019JJ00";""
"35219";"T001038";"GM0417";"2019JJ00";"   11195"
"35279";"T001038";"GM0022";"2019JJ00";""
"35339";"T001038";"GM0805";"2019JJ00";""
"35399";"T001038";"GM0023";"2019JJ00";""
"35459";"T001038";"GM0544";"2019JJ00";""
"35519";"T001038";"GM0545";"2019JJ00";""
"35579";"T001038";"GM0326";"2019JJ00";""
"35639";"T001038";"GM0080";"2019JJ00";"  123107"
"35699";"T001038";"GM0081";"2019JJ00";""
"35759";"T001038";"GM0546";"2019JJ00";"  124899"
"35819";"T001038";"GM0547";"2019JJ00";"   27109"
"35879";"T001038";"GM0548";"2019JJ00";""
"35939";"T001038";"GM1916";"2019JJ00";"   75425"
"35999";"T001038";"GM0549";"2019JJ00";""
"36059";"T001038";"GM0550";"2019JJ00";""
"36119";"T001038";"GM0995";"2019JJ00";"   77893"
"36179";"T001038";"GM0082";"2019JJ00";""
"36239";"T001038";"GM1640";"2019JJ00";"   35681"
"36299";"T001038";"GM0327";"2019JJ00";"   30030"
"36359";"T001038";"GM0551";"2019JJ00";""
"36419";"T001038";"GM0260";"2019JJ00";""
"36479";"T001038";"GM1673";"2019JJ00";""
"36539";"T001038";"GM0806";"2019JJ00";""
"36599";"T001038";"GM0261";"2019JJ00";""
"36659";"T001038";"GM0552";"2019JJ00";""
"36719";"T001038";"GM0807";"2019JJ00";""
"36779";"T001038";"GM0694";"2019JJ00";""
"36839";"T001038";"GM0931";"2019JJ00";""
"36899";"T001038";"GM0418";"2019JJ00";""
"36959";"T001038";"GM0733";"2019JJ00";""
"37019";"T001038";"GM1705";"2019JJ00";"   46475"
"37079";"T001038";"GM0932";"2019JJ00";""
"37139";"T001038";"GM0328";"2019JJ00";""
"37199";"T001038";"GM0553";"2019JJ00";"   22800"
"37259";"T001038";"GM0808";"2019JJ00";""
"37319";"T001038";"GM0103";"2019JJ00";""
"37379";"T001038";"GM0140";"2019JJ00";""
"37439";"T001038";"GM0262";"2019JJ00";"   33590"
"37499";"T001038";"GM0329";"2019JJ00";""
"37559";"T001038";"GM1105";"2019JJ00";""
"37619";"T001038";"GM0809";"2019JJ00";"   23327"
"37679";"T001038";"GM0330";"2019JJ00";""
"37739";"T001038";"GM0331";"2019JJ00";"   14473"
"37799";"T001038";"GM0024";"2019JJ00";"    9614"
"37859";"T001038";"GM0168";"2019JJ00";"   22622"
"37919";"T001038";"GM0810";"2019JJ00";""
"37979";"T001038";"GM0811";"2019JJ00";""
"38039";"T001038";"GM0332";"2019JJ00";""
"38099";"T001038";"GM0333";"2019JJ00";""
"38159";"T001038";"GM0334";"2019JJ00";""
"38219";"T001038";"GM0933";"2019JJ00";""
"38279";"T001038";"GM0934";"2019JJ00";""
"38339";"T001038";"GM0554";"2019JJ00";""
"38399";"T001038";"GM1671";"2019JJ00";""
"38459";"T001038";"GM0263";"2019JJ00";"   24693"
"38519";"T001038";"GM1641";"2019JJ00";"   23716"
"38579";"T001038";"GM0555";"2019JJ00";""
"38639";"T001038";"GM0556";"2019JJ00";"   32768"
"38699";"T001038";"GM0935";"2019JJ00";"  121565"
"38759";"T001038";"GM1665";"2019JJ00";""
"38819";"T001038";"GM0812";"2019JJ00";""
"38879";"T001038";"GM0936";"2019JJ00";""
"38939";"T001038";"GM0686";"2019JJ00";""
"38999";"T001038";"GM0169";"2019JJ00";""
"39059";"T001038";"GM0419";"2019JJ00";""
"39119";"T001038";"GM1663";"2019JJ00";""
"39179";"T001038";"GM0025";"2019JJ00";""
"39239";"T001038";"GM0264";"2019JJ00";""
"39299";"T001038";"GM0420";"2019JJ00";"   44809"
"39359";"T001038";"GM0026";"2019JJ00";""
"39419";"T001038";"GM0557";"2019JJ00";""
"39479";"T001038";"GM0937";"2019JJ00";""
"39539";"T001038";"GM0993";"2019JJ00";""
"39599";"T001038";"GM0938";"2019JJ00";"   18923"
"39659";"T001038";"GM0813";"2019JJ00";""
"39719";"T001038";"GM1948";"2019JJ00";"   80815"
"39779";"T001038";"GM0941";"2019JJ00";""
"39839";"T001038";"GM0939";"2019JJ00";""
"39899";"T001038";"GM1112";"2019JJ00";""
"39959";"T001038";"GM1113";"2019JJ00";""
"40019";"T001038";"GM0083";"2019JJ00";""
"40079";"T001038";"GM1908";"2019JJ00";""
"40139";"T001038";"GM1987";"2019JJ00";""
"40199";"T001038";"GM0119";"2019JJ00";"   33564"
"40259";"T001038";"GM0940";"2019JJ00";""
"40319";"T001038";"GM0942";"2019JJ00";""
"40379";"T001038";"GM0687";"2019JJ00";"   48544"
"40439";"T001038";"GM0559";"2019JJ00";""
"40499";"T001038";"GM0421";"2019JJ00";""
"40559";"T001038";"GM0027";"2019JJ00";""
"40619";"T001038";"GM1842";"2019JJ00";"   19391"
"40679";"T001038";"GM1731";"2019JJ00";"   33178"
"40739";"T001038";"GM1952";"2019JJ00";"   60899"
"40799";"T001038";"GM0688";"2019JJ00";""
"40859";"T001038";"GM1697";"2019JJ00";""
"40919";"T001038";"GM0028";"2019JJ00";""
"40979";"T001038";"GM0422";"2019JJ00";""
"41039";"T001038";"GM0814";"2019JJ00";""
"41099";"T001038";"GM0336";"2019JJ00";""
"41159";"T001038";"GM0564";"2019JJ00";""
"41219";"T001038";"GM0815";"2019JJ00";"   10891"
"41279";"T001038";"GM0265";"2019JJ00";""
"41339";"T001038";"GM1709";"2019JJ00";"   36961"
"41399";"T001038";"GM0816";"2019JJ00";""
"41459";"T001038";"GM0647";"2019JJ00";""
"41519";"T001038";"GM0560";"2019JJ00";""
"41579";"T001038";"GM0561";"2019JJ00";""
"41639";"T001038";"GM1978";"2019JJ00";"   43858"
"41699";"T001038";"GM1927";"2019JJ00";""
"41759";"T001038";"GM0423";"2019JJ00";""
"41819";"T001038";"GM0562";"2019JJ00";""
"41879";"T001038";"GM1955";"2019JJ00";"   36026"
"41939";"T001038";"GM0335";"2019JJ00";"   13996"
"41999";"T001038";"GM0943";"2019JJ00";""
"42059";"T001038";"GM0944";"2019JJ00";"    7806"
"42119";"T001038";"GM0563";"2019JJ00";""
"42179";"T001038";"GM0424";"2019JJ00";""
"42239";"T001038";"GM0945";"2019JJ00";""
"42299";"T001038";"GM0029";"2019JJ00";""
"42359";"T001038";"GM0565";"2019JJ00";""
"42419";"T001038";"GM0425";"2019JJ00";""
"42479";"T001038";"GM1740";"2019JJ00";"   24034"
"42539";"T001038";"GM0426";"2019JJ00";""
"42599";"T001038";"GM0643";"2019JJ00";""
"42659";"T001038";"GM0946";"2019JJ00";"   17001"
"42719";"T001038";"GM0266";"2019JJ00";""
"42779";"T001038";"GM0947";"2019JJ00";""
"42839";"T001038";"GM0304";"2019JJ00";""
"42899";"T001038";"GM0427";"2019JJ00";""
"42959";"T001038";"GM0412";"2019JJ00";""
"43019";"T001038";"GM1117";"2019JJ00";""
"43079";"T001038";"GM0566";"2019JJ00";""
"43139";"T001038";"GM0030";"2019JJ00";""
"43199";"T001038";"GM1119";"2019JJ00";""
"43259";"T001038";"GM0356";"2019JJ00";"   63036"
"43319";"T001038";"GM0948";"2019JJ00";""
"43379";"T001038";"GM0428";"2019JJ00";""
"43439";"T001038";"GM1249";"2019JJ00";""
"43499";"T001038";"GM1122";"2019JJ00";""
"43559";"T001038";"GM0567";"2019JJ00";""
"43619";"T001038";"GM0031";"2019JJ00";""
"43679";"T001038";"GM0817";"2019JJ00";""
"43739";"T001038";"GM0569";"2019JJ00";"   28628"
"43799";"T001038";"GM0570";"2019JJ00";""
"43859";"T001038";"GM0571";"2019JJ00";""
"43919";"T001038";"GM0170";"2019JJ00";""
"43979";"T001038";"GM0032";"2019JJ00";""
"44039";"T001038";"GM0572";"2019JJ00";""
"44099";"T001038";"GM0949";"2019JJ00";""
"44159";"T001038";"GM0573";"2019JJ00";""
"44219";"T001038";"GM0690";"2019JJ00";""
"44279";"T001038";"GM0818";"2019JJ00";""
"44339";"T001038";"GM0337";"2019JJ00";""
"44399";"T001038";"GM0104";"2019JJ00";""
"44459";"T001038";"GM0121";"2019JJ00";""
"44519";"T001038";"GM0267";"2019JJ00";"   42943"
"44579";"T001038";"GM0268";"2019JJ00";"  176731"
"44639";"T001038";"GM0691";"2019JJ00";""
"44699";"T001038";"GM1930";"2019JJ00";"   84797"
"44759";"T001038";"GM0819";"2019JJ00";""
"44819";"T001038";"GM1970";"2019JJ00";"   45181"
"44879";"T001038";"GM0950";"2019JJ00";""
"44939";"T001038";"GM1695";"2019JJ00";"    7308"
"44999";"T001038";"GM1126";"2019JJ00";""
"45059";"T001038";"GM1127";"2019JJ00";""
"45119";"T001038";"GM0574";"2019JJ00";""
"45179";"T001038";"GM1699";"2019JJ00";"   31290"
"45239";"T001038";"GM0529";"2019JJ00";""
"45299";"T001038";"GM1128";"2019JJ00";""
"45359";"T001038";"GM1404";"2019JJ00";""
"45419";"T001038";"GM0171";"2019JJ00";"   46849"
"45479";"T001038";"GM1129";"2019JJ00";""
"45539";"T001038";"GM0575";"2019JJ00";"   42859"
"45599";"T001038";"GM0576";"2019JJ00";""
"45659";"T001038";"GM0577";"2019JJ00";""
"45719";"T001038";"GM0120";"2019JJ00";""
"45779";"T001038";"GM0820";"2019JJ00";"   23186"
"45839";"T001038";"GM0821";"2019JJ00";""
"45899";"T001038";"GM0578";"2019JJ00";""
"45959";"T001038";"GM0302";"2019JJ00";"   27481"
"46019";"T001038";"GM0951";"2019JJ00";""
"46079";"T001038";"GM0952";"2019JJ00";""
"46139";"T001038";"GM0429";"2019JJ00";""
"46199";"T001038";"GM1131";"2019JJ00";""
"46259";"T001038";"GM0122";"2019JJ00";""
"46319";"T001038";"GM0822";"2019JJ00";""
"46379";"T001038";"GM0579";"2019JJ00";"   24426"
"46439";"T001038";"GM0953";"2019JJ00";""
"46499";"T001038";"GM0954";"2019JJ00";""
"46559";"T001038";"GM0823";"2019JJ00";"   18623"
"46619";"T001038";"GM0824";"2019JJ00";"   26140"
"46679";"T001038";"GM1895";"2019JJ00";"   38129"
"46739";"T001038";"GM0269";"2019JJ00";"   23598"
"46799";"T001038";"GM0035";"2019JJ00";""
"46859";"T001038";"GM0036";"2019JJ00";""
"46919";"T001038";"GM0172";"2019JJ00";""
"46979";"T001038";"GM0173";"2019JJ00";"   31840"
"47039";"T001038";"GM0174";"2019JJ00";""
"47099";"T001038";"GM1773";"2019JJ00";"   18071"
"47159";"T001038";"GM0175";"2019JJ00";"   17813"
"47219";"T001038";"GM0881";"2019JJ00";""
"47279";"T001038";"GM1250";"2019JJ00";""
"47339";"T001038";"GM1133";"2019JJ00";""
"47399";"T001038";"GM1586";"2019JJ00";"   29704"
"47459";"T001038";"GM1135";"2019JJ00";""
"47519";"T001038";"GM0825";"2019JJ00";""
"47579";"T001038";"GM0692";"2019JJ00";""
"47639";"T001038";"GM0084";"2019JJ00";""
"47699";"T001038";"GM0033";"2019JJ00";""
"47759";"T001038";"GM0123";"2019JJ00";""
"47819";"T001038";"GM0826";"2019JJ00";"   55616"
"47879";"T001038";"GM1136";"2019JJ00";""
"47939";"T001038";"GM0580";"2019JJ00";""
"47999";"T001038";"GM0430";"2019JJ00";""
"48059";"T001038";"GM1137";"2019JJ00";""
"48119";"T001038";"GM0085";"2019JJ00";"   25497"
"48179";"T001038";"GM0581";"2019JJ00";""
"48239";"T001038";"GM0431";"2019JJ00";"    9757"
"48299";"T001038";"GM0176";"2019JJ00";""
"48359";"T001038";"GM0996";"2019JJ00";""
"48419";"T001038";"GM0270";"2019JJ00";""
"48479";"T001038";"GM0827";"2019JJ00";""
"48539";"T001038";"GM0432";"2019JJ00";"   11779"
"48599";"T001038";"GM0433";"2019JJ00";""
"48659";"T001038";"GM0086";"2019JJ00";"   29723"
"48719";"T001038";"GM0828";"2019JJ00";"   91451"
"48779";"T001038";"GM0829";"2019JJ00";""
"48839";"T001038";"GM0434";"2019JJ00";""
"48899";"T001038";"GM0955";"2019JJ00";""
"48959";"T001038";"GM0582";"2019JJ00";""
"49019";"T001038";"GM0831";"2019JJ00";""
"49079";"T001038";"GM0583";"2019JJ00";""
"49139";"T001038";"GM0584";"2019JJ00";""
"49199";"T001038";"GM1142";"2019JJ00";""
"49259";"T001038";"GM1509";"2019JJ00";"   39473"
"49319";"T001038";"GM0038";"2019JJ00";""
"49379";"T001038";"GM0695";"2019JJ00";""
"49439";"T001038";"GM0830";"2019JJ00";""
"49499";"T001038";"GM0435";"2019JJ00";""
"49559";"T001038";"GM0586";"2019JJ00";""
"49619";"T001038";"GM0436";"2019JJ00";""
"49679";"T001038";"GM0437";"2019JJ00";"   13916"
"49739";"T001038";"GM0644";"2019JJ00";""
"49799";"T001038";"GM0587";"2019JJ00";""
"49859";"T001038";"GM1143";"2019JJ00";""
"49919";"T001038";"GM0589";"2019JJ00";"   10201"
"49979";"T001038";"GM0438";"2019JJ00";""
"50039";"T001038";"GM0696";"2019JJ00";""
"50099";"T001038";"GM1148";"2019JJ00";""
"50159";"T001038";"GM0271";"2019JJ00";""
"50219";"T001038";"GM1734";"2019JJ00";"   47543"
"50279";"T001038";"GM0697";"2019JJ00";""
"50339";"T001038";"GM0698";"2019JJ00";""
"50399";"T001038";"GM0272";"2019JJ00";""
"50459";"T001038";"GM1151";"2019JJ00";""
"50519";"T001038";"GM0590";"2019JJ00";"   32290"
"50579";"T001038";"GM1894";"2019JJ00";"   43311"
"50639";"T001038";"GM0124";"2019JJ00";""
"50699";"T001038";"GM0765";"2019JJ00";"   12214"
"50759";"T001038";"GM0699";"2019JJ00";""
"50819";"T001038";"GM0591";"2019JJ00";""
"50879";"T001038";"GM0594";"2019JJ00";""
"50939";"T001038";"GM1926";"2019JJ00";"   54331"
"50999";"T001038";"GM0338";"2019JJ00";""
"51059";"T001038";"GM0592";"2019JJ00";""
"51119";"T001038";"GM0700";"2019JJ00";""
"51179";"T001038";"GM0956";"2019JJ00";""
"51239";"T001038";"GM0832";"2019JJ00";""
"51299";"T001038";"GM0439";"2019JJ00";"   80117"
"51359";"T001038";"GM0833";"2019JJ00";""
"51419";"T001038";"GM0273";"2019JJ00";"   24198"
"51479";"T001038";"GM0593";"2019JJ00";""
"51539";"T001038";"GM0177";"2019JJ00";"   37511"
"51599";"T001038";"GM0834";"2019JJ00";""
"51659";"T001038";"GM0087";"2019JJ00";""
"51719";"T001038";"GM0835";"2019JJ00";""
"51779";"T001038";"GM0595";"2019JJ00";""
"51839";"T001038";"GM1661";"2019JJ00";""
"51899";"T001038";"GM0703";"2019JJ00";"   22678"
"51959";"T001038";"GM1159";"2019JJ00";""
"52019";"T001038";"GM0274";"2019JJ00";"   31302"
"52079";"T001038";"GM0339";"2019JJ00";"    5259"
"52139";"T001038";"GM0701";"2019JJ00";""
"52199";"T001038";"GM0836";"2019JJ00";""
"52259";"T001038";"GM1667";"2019JJ00";"   13060"
"52319";"T001038";"GM0275";"2019JJ00";"   43640"
"52379";"T001038";"GM0340";"2019JJ00";"   20004"
"52439";"T001038";"GM0596";"2019JJ00";""
"52499";"T001038";"GM0597";"2019JJ00";"   46241"
"52559";"T001038";"GM0837";"2019JJ00";""
"52619";"T001038";"GM1160";"2019JJ00";""
"52679";"T001038";"GM0646";"2019JJ00";""
"52739";"T001038";"GM0601";"2019JJ00";""
"52799";"T001038";"GM0602";"2019JJ00";""
"52859";"T001038";"GM0196";"2019JJ00";""
"52919";"T001038";"GM1672";"2019JJ00";""
"52979";"T001038";"GM0440";"2019JJ00";""
"53039";"T001038";"GM0841";"2019JJ00";""
"53099";"T001038";"GM0178";"2019JJ00";""
"53159";"T001038";"GM1742";"2019JJ00";"   38300"
"53219";"T001038";"GM0842";"2019JJ00";""
"53279";"T001038";"GM0603";"2019JJ00";"   53467"
"53339";"T001038";"GM0702";"2019JJ00";""
"53399";"T001038";"GM1163";"2019JJ00";""
"53459";"T001038";"GM0598";"2019JJ00";""
"53519";"T001038";"GM0125";"2019JJ00";""
"53579";"T001038";"GM1669";"2019JJ00";"   20615"
"53639";"T001038";"GM0957";"2019JJ00";"   58209"
"53699";"T001038";"GM0958";"2019JJ00";""
"53759";"T001038";"GM1670";"2019JJ00";""
"53819";"T001038";"GM0126";"2019JJ00";""
"53879";"T001038";"GM0736";"2019JJ00";"   44059"
"53939";"T001038";"GM1674";"2019JJ00";"   77032"
"53999";"T001038";"GM0838";"2019JJ00";""
"54059";"T001038";"GM0959";"2019JJ00";""
"54119";"T001038";"GM0839";"2019JJ00";""
"54179";"T001038";"GM0276";"2019JJ00";""
"54239";"T001038";"GM0599";"2019JJ00";"  644618"
"54299";"T001038";"GM0600";"2019JJ00";""
"54359";"T001038";"GM0277";"2019JJ00";"    1654"
"54419";"T001038";"GM0840";"2019JJ00";"   22572"
"54479";"T001038";"GM0127";"2019JJ00";""
"54539";"T001038";"GM0128";"2019JJ00";""
"54599";"T001038";"GM0278";"2019JJ00";""
"54659";"T001038";"GM1164";"2019JJ00";""
"54719";"T001038";"GM0704";"2019JJ00";""
"54779";"T001038";"GM0604";"2019JJ00";""
"54839";"T001038";"GM0960";"2019JJ00";""
"54899";"T001038";"GM0441";"2019JJ00";"   46553"
"54959";"T001038";"GM0843";"2019JJ00";""
"55019";"T001038";"GM1169";"2019JJ00";""
"55079";"T001038";"GM0139";"2019JJ00";""
"55139";"T001038";"GM0039";"2019JJ00";""
"55199";"T001038";"GM0442";"2019JJ00";""
"55259";"T001038";"GM0605";"2019JJ00";""
"55319";"T001038";"GM0458";"2019JJ00";""
"55379";"T001038";"GM0443";"2019JJ00";""
"55439";"T001038";"GM0705";"2019JJ00";""
"55499";"T001038";"GM0279";"2019JJ00";"    9873"
"55559";"T001038";"GM0606";"2019JJ00";"   77999"
"55619";"T001038";"GM0088";"2019JJ00";"     936"
"55679";"T001038";"GM0844";"2019JJ00";""
"55739";"T001038";"GM0961";"2019JJ00";""
"55799";"T001038";"GM0962";"2019JJ00";""
"55859";"T001038";"GM0963";"2019JJ00";""
"55919";"T001038";"GM0607";"2019JJ00";""
"55979";"T001038";"GM0706";"2019JJ00";""
"56039";"T001038";"GM0129";"2019JJ00";""
"56099";"T001038";"GM0608";"2019JJ00";""
"56159";"T001038";"GM0609";"2019JJ00";""
"56219";"T001038";"GM0444";"2019JJ00";""
"56279";"T001038";"GM1676";"2019JJ00";"   33779"
"56339";"T001038";"GM1175";"2019JJ00";""
"56399";"T001038";"GM1176";"2019JJ00";""
"56459";"T001038";"GM0964";"2019JJ00";""
"56519";"T001038";"GM0447";"2019JJ00";""
"56579";"T001038";"GM0965";"2019JJ00";"   10516"
"56639";"T001038";"GM1702";"2019JJ00";"   11606"
"56699";"T001038";"GM0966";"2019JJ00";""
"56759";"T001038";"GM0709";"2019JJ00";""
"56819";"T001038";"GM1179";"2019JJ00";""
"56879";"T001038";"GM0445";"2019JJ00";""
"56939";"T001038";"GM0967";"2019JJ00";""
"56999";"T001038";"GM0446";"2019JJ00";""
"57059";"T001038";"GM0712";"2019JJ00";""
"57119";"T001038";"GM0708";"2019JJ00";""
"57179";"T001038";"GM0711";"2019JJ00";""
"57239";"T001038";"GM0845";"2019JJ00";"   28991"
"57299";"T001038";"GM0846";"2019JJ00";""
"57359";"T001038";"GM0968";"2019JJ00";""
"57419";"T001038";"GM1883";"2019JJ00";"   92661"
"57479";"T001038";"GM0051";"2019JJ00";""
"57539";"T001038";"GM0130";"2019JJ00";""
"57599";"T001038";"GM0969";"2019JJ00";""
"57659";"T001038";"GM0610";"2019JJ00";"   25026"
"57719";"T001038";"GM0040";"2019JJ00";""
"57779";"T001038";"GM0089";"2019JJ00";""
"57839";"T001038";"GM1714";"2019JJ00";"   23386"
"57899";"T001038";"GM0713";"2019JJ00";""
"57959";"T001038";"GM1698";"2019JJ00";""
"58019";"T001038";"GM0090";"2019JJ00";"   55938"
"58079";"T001038";"GM0131";"2019JJ00";""
"58139";"T001038";"GM0091";"2019JJ00";""
"58199";"T001038";"GM0341";"2019JJ00";""
"58259";"T001038";"GM0342";"2019JJ00";"   46194"
"58319";"T001038";"GM0847";"2019JJ00";"   19322"
"58379";"T001038";"GM1184";"2019JJ00";""
"58439";"T001038";"GM0848";"2019JJ00";"   16904"
"58499";"T001038";"GM0970";"2019JJ00";""
"58559";"T001038";"GM0612";"2019JJ00";""
"58619";"T001038";"GM0849";"2019JJ00";""
"58679";"T001038";"GM1691";"2019JJ00";""
"58739";"T001038";"GM1188";"2019JJ00";""
"58799";"T001038";"GM0179";"2019JJ00";""
"58859";"T001038";"GM0037";"2019JJ00";"   31789"
"58919";"T001038";"GM0850";"2019JJ00";""
"58979";"T001038";"GM0180";"2019JJ00";"   17003"
"59039";"T001038";"GM0714";"2019JJ00";""
"59099";"T001038";"GM0092";"2019JJ00";""
"59159";"T001038";"GM0532";"2019JJ00";"   21706"
"59219";"T001038";"GM0041";"2019JJ00";""
"59279";"T001038";"GM0851";"2019JJ00";"   25054"
"59339";"T001038";"GM1376";"2019JJ00";""
"59399";"T001038";"GM0280";"2019JJ00";""
"59459";"T001038";"GM0181";"2019JJ00";""
"59519";"T001038";"GM1708";"2019JJ00";"   43940"
"59579";"T001038";"GM0182";"2019JJ00";""
"59639";"T001038";"GM0971";"2019JJ00";"   24961"
"59699";"T001038";"GM1195";"2019JJ00";""
"59759";"T001038";"GM0972";"2019JJ00";""
"59819";"T001038";"GM1904";"2019JJ00";"   64336"
"59879";"T001038";"GM1196";"2019JJ00";""
"59939";"T001038";"GM0615";"2019JJ00";""
"59999";"T001038";"GM0343";"2019JJ00";""
"60059";"T001038";"GM0973";"2019JJ00";""
"60119";"T001038";"GM0616";"2019JJ00";""
"60179";"T001038";"GM0617";"2019JJ00";""
"60239";"T001038";"GM1900";"2019JJ00";"   89710"
"60299";"T001038";"GM0974";"2019JJ00";""
"60359";"T001038";"GM0975";"2019JJ00";""
"60419";"T001038";"GM0976";"2019JJ00";""
"60479";"T001038";"GM0853";"2019JJ00";""
"60539";"T001038";"GM0042";"2019JJ00";""
"60599";"T001038";"GM0715";"2019JJ00";"   54589"
"60659";"T001038";"GM0093";"2019JJ00";"    4890"
"60719";"T001038";"GM0854";"2019JJ00";""
"60779";"T001038";"GM0448";"2019JJ00";"   13547"
"60839";"T001038";"GM1525";"2019JJ00";"   37061"
"60899";"T001038";"GM0716";"2019JJ00";"   25780"
"60959";"T001038";"GM0977";"2019JJ00";""
"61019";"T001038";"GM0281";"2019JJ00";"   41978"
"61079";"T001038";"GM0618";"2019JJ00";""
"61139";"T001038";"GM0094";"2019JJ00";""
"61199";"T001038";"GM0855";"2019JJ00";"  217259"
"61259";"T001038";"GM0183";"2019JJ00";"   21276"
"61319";"T001038";"GM1204";"2019JJ00";""
"61379";"T001038";"GM1205";"2019JJ00";""
"61439";"T001038";"GM1700";"2019JJ00";"   33792"
"61499";"T001038";"GM0449";"2019JJ00";""
"61559";"T001038";"GM1730";"2019JJ00";"   33698"
"61619";"T001038";"GM0737";"2019JJ00";"   31780"
"61679";"T001038";"GM0978";"2019JJ00";""
"61739";"T001038";"GM0282";"2019JJ00";""
"61799";"T001038";"GM0856";"2019JJ00";"   41782"
"61859";"T001038";"GM0857";"2019JJ00";""
"61919";"T001038";"GM0450";"2019JJ00";"   13528"
"61979";"T001038";"GM0451";"2019JJ00";"   29424"
"62039";"T001038";"GM0043";"2019JJ00";""
"62099";"T001038";"GM0044";"2019JJ00";""
"62159";"T001038";"GM0979";"2019JJ00";""
"62219";"T001038";"GM0045";"2019JJ00";""
"62279";"T001038";"GM0184";"2019JJ00";"   20776"
"62339";"T001038";"GM0980";"2019JJ00";""
"62399";"T001038";"GM0452";"2019JJ00";""
"62459";"T001038";"GM0046";"2019JJ00";""
"62519";"T001038";"GM0095";"2019JJ00";""
"62579";"T001038";"GM0344";"2019JJ00";"  352866"
"62639";"T001038";"GM1581";"2019JJ00";"   49515"
"62699";"T001038";"GM0981";"2019JJ00";"   10092"
"62759";"T001038";"GM0283";"2019JJ00";""
"62819";"T001038";"GM0619";"2019JJ00";""
"62879";"T001038";"GM0994";"2019JJ00";"   16470"
"62939";"T001038";"GM0982";"2019JJ00";""
"62999";"T001038";"GM0720";"2019JJ00";""
"63059";"T001038";"GM0858";"2019JJ00";"   30910"
"63119";"T001038";"GM0284";"2019JJ00";""
"63179";"T001038";"GM0859";"2019JJ00";""
"63239";"T001038";"GM0047";"2019JJ00";"   27491"
"63299";"T001038";"GM0345";"2019JJ00";"   65589"
"63359";"T001038";"GM0717";"2019JJ00";"   21835"
"63419";"T001038";"GM0860";"2019JJ00";""
"63479";"T001038";"GM0861";"2019JJ00";"   45337"
"63539";"T001038";"GM0453";"2019JJ00";"   68348"
"63599";"T001038";"GM0454";"2019JJ00";""
"63659";"T001038";"GM0983";"2019JJ00";"  101603"
"63719";"T001038";"GM0984";"2019JJ00";"   43326"
"63779";"T001038";"GM0862";"2019JJ00";""
"63839";"T001038";"GM0620";"2019JJ00";""
"63899";"T001038";"GM0863";"2019JJ00";""
"63959";"T001038";"GM0621";"2019JJ00";""
"64019";"T001038";"GM1961";"2019JJ00";"   55712"
"64079";"T001038";"GM0346";"2019JJ00";""
"64139";"T001038";"GM0622";"2019JJ00";"   72404"
"64199";"T001038";"GM0048";"2019JJ00";""
"64259";"T001038";"GM0132";"2019JJ00";""
"64319";"T001038";"GM0347";"2019JJ00";""
"64379";"T001038";"GM0096";"2019JJ00";"    1138"
"64439";"T001038";"GM0864";"2019JJ00";""
"64499";"T001038";"GM0718";"2019JJ00";"   44371"
"64559";"T001038";"GM0623";"2019JJ00";""
"64619";"T001038";"GM0985";"2019JJ00";""
"64679";"T001038";"GM0986";"2019JJ00";"   12452"
"64739";"T001038";"GM0719";"2019JJ00";""
"64799";"T001038";"GM0185";"2019JJ00";""
"64859";"T001038";"GM0624";"2019JJ00";""
"64919";"T001038";"GM0625";"2019JJ00";""
"64979";"T001038";"GM0626";"2019JJ00";"   25479"
"65039";"T001038";"GM0285";"2019JJ00";"   24417"
"65099";"T001038";"GM0286";"2019JJ00";""
"65159";"T001038";"GM1213";"2019JJ00";""
"65219";"T001038";"GM0348";"2019JJ00";""
"65279";"T001038";"GM0133";"2019JJ00";""
"65339";"T001038";"GM0186";"2019JJ00";""
"65399";"T001038";"GM1214";"2019JJ00";""
"65459";"T001038";"GM0865";"2019JJ00";"   26396"
"65519";"T001038";"GM0287";"2019JJ00";""
"65579";"T001038";"GM1949";"2019JJ00";"   46039"
"65639";"T001038";"GM0866";"2019JJ00";"   17247"
"65699";"T001038";"GM0867";"2019JJ00";"   48240"
"65759";"T001038";"GM0721";"2019JJ00";""
"65819";"T001038";"GM0288";"2019JJ00";""
"65879";"T001038";"GM1217";"2019JJ00";""
"65939";"T001038";"GM0627";"2019JJ00";"   28316"
"65999";"T001038";"GM0289";"2019JJ00";"   38774"
"66059";"T001038";"GM0290";"2019JJ00";""
"66119";"T001038";"GM0187";"2019JJ00";""
"66179";"T001038";"GM0868";"2019JJ00";""
"66239";"T001038";"GM0987";"2019JJ00";""
"66299";"T001038";"GM0455";"2019JJ00";""
"66359";"T001038";"GM0049";"2019JJ00";""
"66419";"T001038";"GM0456";"2019JJ00";""
"66479";"T001038";"GM0628";"2019JJ00";""
"66539";"T001038";"GM0291";"2019JJ00";""
"66599";"T001038";"GM0869";"2019JJ00";""
"66659";"T001038";"GM0629";"2019JJ00";"   26211"
"66719";"T001038";"GM0630";"2019JJ00";""
"66779";"T001038";"GM0852";"2019JJ00";"   17315"
"66839";"T001038";"GM0722";"2019JJ00";""
"66899";"T001038";"GM1220";"2019JJ00";""
"66959";"T001038";"GM0188";"2019JJ00";""
"67019";"T001038";"GM0988";"2019JJ00";"   49842"
"67079";"T001038";"GM0457";"2019JJ00";"   19334"
"67139";"T001038";"GM1221";"2019JJ00";""
"67199";"T001038";"GM0292";"2019JJ00";""
"67259";"T001038";"GM0723";"2019JJ00";""
"67319";"T001038";"GM0870";"2019JJ00";""
"67379";"T001038";"GM1223";"2019JJ00";""
"67439";"T001038";"GM0459";"2019JJ00";""
"67499";"T001038";"GM0989";"2019JJ00";""
"67559";"T001038";"GM1960";"2019JJ00";"   50697"
"67619";"T001038";"GM0668";"2019JJ00";"   19076"
"67679";"T001038";"GM0097";"2019JJ00";""
"67739";"T001038";"GM0724";"2019JJ00";""
"67799";"T001038";"GM0134";"2019JJ00";""
"67859";"T001038";"GM0871";"2019JJ00";""
"67919";"T001038";"GM0558";"2019JJ00";""
"67979";"T001038";"GM1969";"2019JJ00";"   63031"
"68039";"T001038";"GM0725";"2019JJ00";""
"68099";"T001038";"GM1701";"2019JJ00";"   19348"
"68159";"T001038";"GM0293";"2019JJ00";"   14944"
"68219";"T001038";"GM1950";"2019JJ00";"   25199"
"68279";"T001038";"GM0726";"2019JJ00";""
"68339";"T001038";"GM1783";"2019JJ00";"  108603"
"68399";"T001038";"GM0631";"2019JJ00";""
"68459";"T001038";"GM0098";"2019JJ00";"   25840"
"68519";"T001038";"GM0614";"2019JJ00";"   14626"
"68579";"T001038";"GM0460";"2019JJ00";""
"68639";"T001038";"GM0461";"2019JJ00";""
"68699";"T001038";"GM0189";"2019JJ00";"   24351"
"68759";"T001038";"GM0462";"2019JJ00";""
"68819";"T001038";"GM0463";"2019JJ00";""
"68879";"T001038";"GM0464";"2019JJ00";""
"68939";"T001038";"GM0296";"2019JJ00";"   40951"
"68999";"T001038";"GM1696";"2019JJ00";"   24013"
"69059";"T001038";"GM0469";"2019JJ00";""
"69119";"T001038";"GM0470";"2019JJ00";""
"69179";"T001038";"GM0190";"2019JJ00";""
"69239";"T001038";"GM0135";"2019JJ00";""
"69299";"T001038";"GM0352";"2019JJ00";"   23762"
"69359";"T001038";"GM0876";"2019JJ00";""
"69419";"T001038";"GM0991";"2019JJ00";""
"69479";"T001038";"GM0992";"2019JJ00";""
"69539";"T001038";"GM0634";"2019JJ00";""
"69599";"T001038";"GM1225";"2019JJ00";""
"69659";"T001038";"GM0872";"2019JJ00";""
"69719";"T001038";"GM0349";"2019JJ00";""
"69779";"T001038";"GM0350";"2019JJ00";""
"69839";"T001038";"GM0465";"2019JJ00";""
"69899";"T001038";"GM0052";"2019JJ00";""
"69959";"T001038";"GM0053";"2019JJ00";""
"70019";"T001038";"GM0294";"2019JJ00";"   28903"
"70079";"T001038";"GM0295";"2019JJ00";""
"70139";"T001038";"GM0727";"2019JJ00";""
"70199";"T001038";"GM0990";"2019JJ00";""
"70259";"T001038";"GM0873";"2019JJ00";"   21866"
"70319";"T001038";"GM0632";"2019JJ00";"   52197"
"70379";"T001038";"GM0466";"2019JJ00";""
"70439";"T001038";"GM1690";"2019JJ00";"   24110"
"70499";"T001038";"GM0728";"2019JJ00";""
"70559";"T001038";"GM0099";"2019JJ00";""
"70619";"T001038";"GM0100";"2019JJ00";""
"70679";"T001038";"GM0467";"2019JJ00";""
"70739";"T001038";"GM0880";"2019JJ00";"   16329"
"70799";"T001038";"GM0468";"2019JJ00";""
"70859";"T001038";"GM0633";"2019JJ00";""
"70919";"T001038";"GM0351";"2019JJ00";"   13166"
"70979";"T001038";"GM0874";"2019JJ00";""
"71039";"T001038";"GM0875";"2019JJ00";""
"71099";"T001038";"GM0710";"2019JJ00";""
"71159";"T001038";"GM0101";"2019JJ00";""
"71219";"T001038";"GM0683";"2019JJ00";""
"71279";"T001038";"GM0729";"2019JJ00";""
"71339";"T001038";"GM0731";"2019JJ00";""
"71399";"T001038";"GM0471";"2019JJ00";""
"71459";"T001038";"GM0472";"2019JJ00";""
"71519";"T001038";"GM0479";"2019JJ00";"  155885"
"71579";"T001038";"GM0297";"2019JJ00";"   28451"
"71639";"T001038";"GM0054";"2019JJ00";""
"71699";"T001038";"GM0473";"2019JJ00";"   17011"
"71759";"T001038";"GM0707";"2019JJ00";""
"71819";"T001038";"GM0877";"2019JJ00";""
"71879";"T001038";"GM0478";"2019JJ00";""
"71939";"T001038";"GM0050";"2019JJ00";"   22309"
"71999";"T001038";"GM0354";"2019JJ00";""
"72059";"T001038";"GM0355";"2019JJ00";"   63934"
"72119";"T001038";"GM0298";"2019JJ00";""
"72179";"T001038";"GM0299";"2019JJ00";"   43488"
"72239";"T001038";"GM0878";"2019JJ00";""
"72299";"T001038";"GM0635";"2019JJ00";""
"72359";"T001038";"GM0636";"2019JJ00";""
"72419";"T001038";"GM1666";"2019JJ00";""
"72479";"T001038";"GM0732";"2019JJ00";""
"72539";"T001038";"GM0476";"2019JJ00";""
"72599";"T001038";"GM0300";"2019JJ00";""
"72659";"T001038";"GM0637";"2019JJ00";"  124944"
"72719";"T001038";"GM0638";"2019JJ00";"    8450"
"72779";"T001038";"GM1236";"2019JJ00";""
"72839";"T001038";"GM1237";"2019JJ00";""
"72899";"T001038";"GM0474";"2019JJ00";""
"72959";"T001038";"GM0639";"2019JJ00";""
"73019";"T001038";"GM1240";"2019JJ00";""
"73079";"T001038";"GM0734";"2019JJ00";""
"73139";"T001038";"GM0056";"2019JJ00";""
"73199";"T001038";"GM0640";"2019JJ00";""
"73259";"T001038";"GM0136";"2019JJ00";""
"73319";"T001038";"GM1892";"2019JJ00";"   42762"
"73379";"T001038";"GM0137";"2019JJ00";""
"73439";"T001038";"GM0735";"2019JJ00";""
"73499";"T001038";"GM0879";"2019JJ00";"   21612"
"73559";"T001038";"GM0301";"2019JJ00";"   47609"
"73619";"T001038";"GM0475";"2019JJ00";""
"73679";"T001038";"GM1244";"2019JJ00";""
"73739";"T001038";"GM0641";"2019JJ00";""
"73799";"T001038";"GM1896";"2019JJ00";"   22503"
"73859";"T001038";"GM0192";"2019JJ00";""
"73919";"T001038";"GM0138";"2019JJ00";""
"73979";"T001038";"GM0642";"2019JJ00";"   44639"
"74039";"T001038";"GM0193";"2019JJ00";"  127497"
"74099";"T001038";"GM1245";"2019JJ00";""
"74159";"T001038";"GM0997";"2019JJ00";""
"74219";"T001038";"GM0999";"2019JJ00";""
